{
    "vol_median": 0.8701292792715987,
    "vol_iqr": 0.4964127469909072,
    "atr_median": 0.0013572808857074848,
    "atr_iqr": 0.0007322831601802339
}